city,2006-01,2006-02,2006-03,2006-04,2006-05,2006-06,2006-07,2006-08,2006-09,2006-10,2006-11,2006-12,2007-01,2007-02,2007-03,2007-04,2007-05,2007-06,2007-07,2007-08,2007-09,2007-10,2007-11,2007-12,2008-01,2008-02,2008-03,2008-04,2008-05,2008-06,2008-07,2008-08,2008-09,2008-10,2008-11,2008-12,2009-01,2009-02,2009-03,2009-04,2009-05,2009-06,2009-07,2009-08,2009-09,2009-10,2009-11,2009-12,2010-01,2010-02,2010-03,2010-04,2010-05,2010-06,2010-07,2010-08,2010-09,2010-10,2010-11,2010-12,2011-01,2011-02,2011-03,2011-04,2011-05,2011-06,2011-07,2011-08,2011-09,2011-10,2011-11,2011-12,2012-01,2012-02,2012-03,2012-04,2012-05,2012-06,2012-07,2012-08,2012-09,2012-10,2012-11,2012-12,2013-01,2013-02,2013-03,2013-04,2013-05,2013-06,2013-07,2013-08,2013-09,2013-10,2013-11,2013-12,2014-01,2014-02,2014-03,2014-04,2014-05,2014-06,2014-07,2014-08,2014-09,2014-10,2014-11,2014-12,2015-01,2015-02,2015-03,2015-04,2015-05,2015-06,2015-07,2015-08,2015-09,2015-10,2015-11,2015-12,2016-01,2016-02,2016-03,2016-04,2016-05,2016-06,2016-07,2016-08,2016-09,2016-10,2016-11,2016-12,2017-01,2017-02,2017-03,2017-04,2017-05,2017-06,2017-07,2017-08,2017-09,2017-10,2017-11,2017-12,2018-01,2018-02,2018-03,2018-04,2018-05,2018-06,2018-07,2018-08,2018-09,2018-10,2018-11,2018-12,2019-01,2019-02,2019-03,2019-04,2019-05,2019-06,2019-07,2019-08,2019-09,2019-10,2019-11,2019-12,2020-01,2020-02,2020-03,2020-04,2020-05,2020-06,2020-07,2020-08,2020-09,2020-10,2020-11,2020-12,2021-01,2021-02,2021-03,2021-04,2021-05,2021-06,2021-07,2021-08,2021-09,2021-10,2021-11,2021-12,2022-01,2022-02,2022-03,2022-04,2022-05,2022-06,2022-07,2022-08,2022-09,2022-10,2022-11,2022-12,2023-01,2023-02,2023-03,2023-04,2023-05,2023-06,2023-07,2023-08,2023-09,2023-10,2023-11,2023-12,2024-01,2024-02,2024-03,2024-04,2024-05
nationWide,220.4,188.3,199,197.1,196.9,180.5,179.7,188.5,211.3,240,209.8,189,164.8,161.1,167.1,169.1,166.8,192.8,196.6,191.3,196.7,194.5,194,201,199.3,206.1,223.9,234.1,233.6,217.6,186,170.5,157.3,147.5,153.3,159.6,215.3,200.4,193.2,243.1,228.7,241.7,235.5,247.1,218.1,186,181.7,188,198.8,191.1,184.2,176.6,180.1,183.4,181.6,188.4,198.8,209.4,225,230.2,241.3,231.3,220,216.4,223.1,223.8,232.1,235.7,235.9,233,229.6,226.3,235.2,231.2,230.9,230.7,234.4,228.2,223.8,227.1,236.8,241.3,238.9,235.9,240.2,241.8,247.8,251.9,250.5,243.2,247.3,264.8,273.7,266.8,261.8,268.5,276.4,275.2,268.5,261.7,263.6,267.6,275.3,288.2,288.4,280.8,281.3,285.4,292,298.5,300.2,297.8,301,303.1,309.5,300.4,308.4,308.3,303.5,286.6,288.2,292.1,296.6,316.1,326.1,341.6,341.1,334.8,340.2,336.5,310.6,302,302.2,305.4,318.4,334.7,370.2,363.1,382.5,323.7,332.1,333.4,340.1,359.1,390.7,376.1,345.9,311.8,316.5,327.8,351.4,438.7,380.3,318.2,299.1,294.4,283.5,272.6,281.7,289.4,306.6,335.8,353.5,341,346.8,376.2,401.6,382.7,372.5,371.1,327.4,306.1,330.3,412.8,393.1,351.1,344.7,365,368.7,358.8,354.5,341.8,325.6,329.6,363,354.7,392.6,392.5,381.8,344.1,323.7,312.3,311.8,302.3,320,331.3,329.5,310.6,300.3,303.6,301.8,307.8,341.2,358.9,404.9,430.2,413.1,427.5,437.2,440.3,439.6,435.4,432.9,383.4,368.4,381.1,393.2,388.6,412.2,427.5,447.3
capitalArea,305.2,265.6,276.7,264.4,259.1,241.6,236.1,239.3,259.2,288.4,264.3,261.2,240.3,241.7,246.1,250,254.5,269.4,270.7,272.5,282.6,290.4,300,311.5,310.6,317,327.4,336.7,336.5,335.3,330.1,326.7,322.1,314.4,333.3,343.6,376.9,364.7,350.1,372.9,353.6,382.8,374,382.6,361.4,340,343.7,360.9,377.2,351.1,332,318.9,318.2,320.1,317.1,315.4,319.7,330.8,359.3,367.4,359.6,347.1,332.9,326.8,329.1,331.8,340.6,335.5,329.5,333.1,335.1,340.2,335.3,325.1,319.4,317.9,323.2,311.8,304.8,303,315.3,325.5,325.6,325.9,323.7,325.9,328.4,331.2,326.8,323.3,319.7,333.4,342.8,341.3,345.1,356.3,359.5,354.4,342.2,339.3,338.7,347.3,355.8,360,363.7,358.8,361.8,372.4,374.8,378.7,376.9,378.9,382.3,383.9,392.7,384.8,396.8,401.1,404.8,388,386.1,391.9,393.3,415,419.4,431.7,426.2,423.6,433,434.7,416.5,409.3,413.3,418.6,427,450.3,488.6,464.1,491.2,419.2,445.8,453.7,482.4,524.1,551.3,504.5,464.7,427.4,434.5,448.5,491.8,548.3,460.3,408.8,393.3,383.5,372.7,361.7,368,394.4,441,520.4,561.1,507.3,516.9,563.2,564,514,476.7,453.2,412,389.5,437.2,546.3,578.2,514.9,490.7,490.2,554.4,585,556.3,506.8,481.1,506.1,579.7,625.6,700.9,695.9,681.1,659.2,631.2,620.8,618.2,596.9,633.7,637.3,617.5,574.9,559.3,553.2,528.4,529.9,566.9,576.5,600.1,629.7,609.5,640.2,659.5,675.1,671.2,669.8,664.1,600.2,577.2,610.2,612.7,620.1,660.3,682.4,707
localArea,123,117.8,117.6,116.4,114.2,111.8,113.9,117.7,120.3,123.8,128.7,127.8,122.4,120.3,120.8,120.6,117.9,123.6,125.3,123.3,126,126.6,126.3,129.5,129.5,128.6,130,131,131.5,135,133,132.7,129.9,127.5,127.3,128.1,134.1,135.3,134.3,140.1,141.4,142,144.7,149.1,147.8,146.8,147.3,148.2,153.7,150.7,150.6,148.6,151.2,152.9,150.9,154.2,158.9,165.1,171.4,174.8,179.9,175,174.3,176,180.4,182.5,183.6,184.2,188.4,191.7,190.7,187.5,194.2,195.2,191.9,194.4,195.2,194.3,191.8,193.8,200.5,202.5,201.4,199.4,204.5,202.4,205.8,210.3,209.5,204.6,206.9,211.8,217.7,220.2,219.8,218.5,220.2,221.2,221.9,217.9,220.4,221.8,225,230.2,230.5,232.2,232.9,232.3,231.5,232.7,233.8,234.2,236.6,235.5,240.6,232.1,238,239.8,236.5,229.5,225.3,228.3,226.7,231.2,229.3,237.7,244,246.8,250.9,258.1,250.7,245.5,245.4,241.8,241.1,241.3,246.7,254.8,258.3,256.3,250.5,250.1,250.4,255.2,251.3,257.6,250.1,238.1,241.3,241.7,236.8,249.8,262.1,251.9,245.5,238.8,235.5,230.6,230,234.3,240.1,245.1,251.2,258.4,258.7,272,303.4,284.8,273.1,265.3,245.2,243.6,265.7,302.9,290.5,278.2,285,311.9,315.4,272.7,254.1,251,250,253,268.3,265.2,275.2,283.9,288.3,278.4,270.6,264.5,266,256.5,259.6,269.1,265.6,258.9,253.1,253.6,251.5,257.3,263.7,276.4,303.7,316.8,306,312.9,316.6,319.6,320.1,317.5,319.9,297.7,292.3,293.9,298.1,289.4,297.2,298.2,303.5
seoul,435.6,376.7,394.9,361.1,342.6,320.1,318.6,326.3,350.1,388.5,341.4,351.5,331.7,342.3,342,354.6,372.4,395.3,383.7,381.7,391.8,400.5,407.7,416.3,413.3,424.9,448.3,479.4,500.5,505.1,505.9,510,513.4,497,545.3,564,597.8,550.6,546.2,555.2,529.5,548.7,541.3,549.6,527.1,511.8,518,548.6,564.8,523.8,506.7,485,492.7,505,506.9,510.1,491.2,507.6,542.3,542.3,524.8,502.9,494.2,492,494.9,491.8,511.4,488.8,498.8,504.9,498.5,510.9,494.4,487.2,484,492.8,500.7,473.9,467.9,456.7,483,487.1,492.3,492,490.9,495,487.1,482.3,482.5,474.1,450,462.1,471,482.4,494.3,514.4,511.3,502.9,483.5,486.1,487.4,492.6,501.3,511.9,505.9,506.2,500.3,513.1,507.2,512.2,514.8,522.1,523.2,518.1,523.4,525.2,537.9,559.3,577.5,555.6,541.8,540.9,547.9,588.4,594.4,591.7,582.5,596.6,601.2,606.7,586.4,592,594,608.2,617.9,649.1,683.2,631.3,657.4,621.9,688.2,705.9,748.5,753.6,735.1,671.4,643.3,646.3,648,660.3,723.5,741.3,734.6,718.3,724,707.8,709.7,729.5,737.8,828.5,913.3,960.1,934.1,884.4,920.6,928.8,935.5,883.2,811.6,822,802.9,809.2,906,984.4,1012.3,1083.5,1085.6,1061.6,1152.9,1208.9,1183,1158.8,1135.1,1202.4,1187.7,1223.7,1248.7,1295.9,1350.5,1322.7,1229.6,1259.8,1203,1165,1252.5,1282.5,1249.4,1210.7,1184.5,1078.7,1052.1,1053.4,1093.8,1111.5,1164.8,1217.1,1187,1221.6,1268,1294.6,1270.7,1284.6,1258.8,1165,1122.7,1179.2,1178,1224.3,1251.3,1298.9,1335.1
seoulCentral,481.7,490.7,506.6,500.5,496.6,452.5,451.7,458.2,470.6,514.5,504.1,476.7,466.9,502.5,504,559,539,567.2,534.2,591.8,569.1,549.5,623.6,569.6,584.7,583.9,558.8,617.8,655.1,617.3,612.8,661.1,594.5,563,618,617.5,642.1,624.9,616.6,651.6,632.9,639.6,659.2,692.2,715.1,659.8,680.1,705.1,691.4,707.8,673.1,652,646.5,660.7,627.6,638,615.9,657.8,664.6,648,660.6,729.9,661.2,684,659.2,624.4,647.7,661.6,660,644.7,657.4,650.7,646.9,616.2,629.6,610.8,659.4,628.3,618.4,609.3,583.8,637.3,623.2,614.8,593.4,614.5,603,595.6,592.9,601,591.9,617.4,603.3,616.3,638.6,632.1,637.3,618.4,612.2,637.4,601.3,632.9,638,653.6,634.8,658.7,636.2,658.9,666.3,659,669.6,692.4,693.7,682.4,676.6,699.8,692.4,692.7,721.4,701,682.4,683.7,721.5,706.3,730.5,736.2,741.7,751,754.8,762.2,765.7,750.4,739.8,813.1,824.9,818.5,830.4,800.8,798.6,769.7,839.2,844.1,858.9,917.6,867.5,855.5,893.3,925.9,886.1,904.4,1003.6,1003.1,972.3,887,976.4,923.7,911.7,1048.5,961.8,1089.1,1085.4,1143.6,1204.4,1149.4,1213.8,1167.1,1154.1,1165.7,1112.5,1127.5,1053.6,1088.3,1255.3,1260.6,1287.7,1422.7,1358.6,1411,1418.8,1471.8,1415.2,1436.9,1397.6,1460.4,1632.1,1590.5,1579.7,1531.2,1513,1434.9,1341.3,1599.4,1132.2,1605.2,1585,1495.9,1475.8,1427.6,963.4,1530.1,1032,1013.4,1205.3,1256.1,1347.9,1279.6,1532.3,1385.4,1543.2,1606.7,1500.5,1618.3,1489.2,1670.9,1420.8,1457.8,1609.9,1615.2,1691.3,1667.5,1718.4
seoulNorthEast,264.9,272.3,280.8,279.6,278.7,270.5,275.3,272,287.4,295.6,286.5,291.7,293,294.8,300.1,309,309.1,324.9,327.8,332.3,338.3,351.2,356.8,365.5,381.8,398.3,427.6,462.7,477.1,489.9,482.6,471.2,471.9,462.6,434.3,426.7,439.3,436.4,435.2,448.2,451.8,460.6,460.8,478.9,476.2,466.3,464.6,463.7,472.3,470.8,461.8,439.4,424.7,428.4,424.8,417.6,421.9,427.3,438.1,448.1,453.4,452.5,449.1,441.6,435.8,435.8,434.4,434,436.2,442.3,436.9,430.3,427.3,419.3,422.9,417.3,412,400,398.3,401.4,402.3,405.7,408.5,402.3,405.9,409.4,410,410.6,412.1,410.6,403.3,409,418.3,420.4,423.7,429.6,432.3,431,428.1,431.3,424,426.7,425.4,434.2,431,437.1,446.8,445,441.9,448.1,448.3,448.4,457.5,455.2,460.6,469.7,470.5,480.8,482.6,484.1,477.6,475.4,477.8,491,492.6,496.4,503.2,506.3,515.9,525.3,523.8,518.6,510.5,520.9,526.6,537.8,548.3,550.6,557.7,548,569.9,572.9,590.7,606.9,596.2,588.4,574.2,572.3,570.6,578.9,605.2,613.1,643.6,659.1,640.2,652.3,645.2,658.1,637.7,669.9,685.5,717.1,721,742.1,726.1,748.9,773.2,748.6,734.3,740.9,740.5,731.8,758.4,827,885.1,955.8,970.7,945.6,1008.6,1043.9,1050.9,1023,1042.8,1070.1,1087.3,1100.4,1103.7,1173.3,1224,1212.9,1210.6,1109.1,1118.7,1151.7,1198.2,1196.4,1164.3,1088.8,1029.1,1015.1,959.5,966.4,914.7,950.1,990.2,1001.2,980,1016.7,1026.2,1029.7,1022.7,1016.8,1021.3,983.7,937.1,974.5,977,984.6,1023.8,1007.4,1023.1
seoulNorthWest,379.5,336.8,358,342.1,353.4,333.3,322.6,345,367.3,367.1,332.1,348.5,338.3,335.8,360.8,353,333.7,369.6,390.1,371.6,384,400.7,427.2,427.7,424.1,439.6,454.8,464.5,472.7,476.9,483.5,477.9,462.9,453,447.2,467.9,440.4,442.2,474.2,506.2,501.7,498.5,506.1,517.5,495.6,497.6,487.9,489.4,500.5,484,482.5,480.2,470.9,471.8,482.4,506.7,480.4,482.7,489,494.5,502.1,483.3,478.8,455.1,471.8,453,501.3,490,500.9,500.3,481.2,503.1,503,483.7,456,477.8,512.9,486.1,472.1,451.5,468.1,485.3,482.6,482.9,494.4,504.3,470.9,485.1,506.2,489.1,476.1,487.1,493.4,500.8,495.6,485.4,499.6,517.6,480,500.1,500,493.7,515,524.3,508.7,510.3,515.8,522.7,516.9,529.9,527.9,541.1,539.1,550.6,541,541.4,546.4,567,566.7,544.1,547.1,529.8,553.8,564.1,576.6,588.6,599.7,613.1,622.6,636.9,628.4,630.6,639.1,628.8,638.9,664,697.8,675.6,696.4,660.9,706.1,718.1,734.7,750,764.8,723.9,677.7,682.1,686.9,705.9,726.7,772.1,757.5,714.3,711.7,697.4,688.8,755.3,763.5,782.4,885.9,937.4,972.1,942.8,959.5,973.3,992.9,994.2,887.1,877.5,840.6,782.1,905.9,1015.5,1023.2,1067.2,1059,1090.4,1237.5,1243.6,1281.5,1178,1110.5,1122.5,1160.1,1247.8,1280.9,1348.6,1416.1,1349.5,1213.8,1336.6,1218.2,1211,1294,1294.9,1196.3,1233.7,1189.9,1073.4,1185.3,1033.1,1137.3,1114.6,1170.8,1177.6,1122.1,1200.2,1272.1,1283.6,1292.5,1290.4,1236.2,1134.8,1152.9,1195.3,1231.6,1236,1275.6,1330.6,1320.5
seoulSouthWest,362,344.8,351.6,335.4,324.8,317.2,319,329.1,341.9,370,349.4,356.1,332,345.6,355.4,370.5,383.2,400,394.1,396.6,409.6,416.7,417.5,423.3,416.9,436.9,440.8,460.3,482.8,479.5,479.7,485.1,497.7,471,505.9,504.8,567,517.6,497.4,517.4,504.3,517.9,518.8,522.5,506.3,485.1,499.3,512,525.9,498.6,482.3,462.3,468.5,471.9,461.1,466.7,471.7,486.8,506.7,506,505.9,494.4,485.7,486.3,485.3,483.4,494.3,477.9,478,480.1,479,476.9,478.2,472.6,476.1,451.9,476.7,454.5,453.3,444.9,455.9,462,457.9,458.8,459,452,460.6,458.2,466.7,444.8,444.3,449.6,458.9,464.9,466.7,471.4,477,476.2,463.9,465.3,467,476.6,473.7,481.5,482.9,476.8,473.3,479,479.8,484.8,488.4,500.1,494.3,500.7,500.8,506.2,524.5,535.7,539.9,535.9,524.6,537,523.7,553.2,554.1,573.1,555,572,577.4,582.5,571.6,565.1,559.1,580.7,592.5,598.9,627.3,612.8,637.5,602.5,637.9,666.5,700.6,700.1,691.2,664.5,644.9,634.6,651,668.1,713.4,718,670.4,685.3,677,682.4,689.9,690.6,670.9,760.6,833.3,888.8,867.1,847.1,835.5,880.1,887.7,862.5,818.4,833.3,800.9,796.6,867.1,960.9,990.4,1026.1,1021.7,1017.8,1075.4,1148.3,1131.1,1107.9,1100.8,1157.7,1141,1203.8,1209.7,1247.7,1218.1,1183.6,1087.9,1077.2,1028.1,1034.1,1108.4,1153.9,1119.4,1116.7,1119.2,986.4,884.4,987.1,941.7,1000.4,1093.4,1118,1131.2,1152.4,1140.9,1197.1,1165.6,1167.2,1164.9,1112.1,1062.7,1110.7,1090.9,1137.1,1118.4,1179.8,1195.2
seoulSouthEast,700.3,704.9,739.5,682.8,635.6,589.9,575.4,631.9,701.9,764.8,661.5,695.6,543,563.9,588.3,584.8,732.8,749.6,694.8,649.1,683.6,708.6,743.6,750.6,710.8,718.3,667.2,680.1,725.2,720.8,703,724.1,702,715,774.6,746.4,764.2,775.5,812.2,793.8,808.2,860.2,825.8,840.6,813.4,776.9,794.4,861.7,906.6,809.4,766.8,798.8,826.1,833.7,813.4,844.4,834.5,841.7,884.1,896.1,839.2,799.6,763.5,796.4,823.8,812.1,890,807.7,801.2,846.1,838.8,869,793.1,808.3,794.6,878.2,818.8,815.6,834.2,761.1,819.9,813.3,826.9,808.9,806.2,820.4,800.4,842.7,783.2,756.7,715.7,771.1,761.6,766.8,811.1,854.4,821.1,788.1,751.7,800.7,800.3,818.4,823.3,824.7,826.4,791.8,769.1,815.9,795.6,815.1,846.7,857.4,875.3,866.2,847.4,847.3,911.5,923.6,922.3,852,866.9,867,963,1006.9,994.3,932.7,882.8,923.6,909.3,890.6,818.2,940.5,963.8,988.4,972.3,1003.2,1017.8,983.4,1038,980.8,1101,1059.9,1159,1093.1,1060.1,993.1,1019.1,1056.2,1045.2,1063.1,1342.1,1251.9,1176.7,1066,1084,1154.3,1181.3,1193.1,1428.3,1416.9,1517.9,1507.8,1450.2,1373.3,1458.1,1416.9,1400.5,1336,1181.8,1294.4,1288.4,1503.9,1571,1583.6,1472.7,1589.1,1620.4,1570.3,1806.3,1880,1883,1865.6,1677.7,1937.4,1822.2,1943,2093.8,1974.1,2092.1,1980.5,1985.2,1909.7,1960,1620.7,1884.7,2123.9,1990.4,2057,1831.9,1706.6,1863.6,1638.1,1747.9,1748.8,1725.2,1818.1,1856.7,1831.6,1938.8,1997.8,1972.7,2026.1,1976.2,1895.1,1870.2,1845.1,1909.4,1934.9,1991.2,1984.6,2007.7
busan,141.8,142.6,140.3,136.7,136.4,133.7,138.5,137.8,138.2,143.8,150.2,149.8,147,147.4,147.2,144.6,141.3,145.7,148.1,147.2,147.4,147.4,150.1,151.7,155,153.3,151.8,155,151.9,154.3,150.2,151.7,149.5,146.7,146.4,148.9,152.2,154,157,161.7,162.7,166.9,176.4,182.6,177.1,176,180.1,182.4,189.6,192.9,185.9,186.7,189.3,191.8,194.6,199.7,200.1,208.4,223.1,231.5,236.9,235,236.5,242.1,247.1,249.5,252.8,257.8,256.8,257.8,259,253,253.2,256.4,250.1,252.7,248.1,252.9,250.1,251.6,250,257.2,251.8,249.8,250.9,250,253.7,259.7,254.6,252.7,253.4,259.1,259.3,263.7,262.9,262.9,267.7,265.4,268.9,264.7,261.9,264.8,270.7,273.5,276.2,271.3,275.7,280.3,280.9,282.2,282.8,283.3,284.7,282.6,293.5,288.3,292.7,296.5,300.5,288.9,294.8,291.7,295.4,303.6,310.3,318.4,328.2,332.6,333.6,337.7,324,327.1,323.6,324.6,325.8,340.4,336.3,340.7,337.8,335.1,330.3,329.8,339.5,348.3,349.5,351.1,341.3,316.5,318.1,324.7,318.5,323.9,352.2,336.4,329.5,317.9,326,321.2,329.4,321.5,330.6,334.2,335.4,342.7,349.2,375.3,430,382.5,366.2,362.7,348,341.3,354.4,428.6,400.5,387,405.8,423.6,366.9,312.2,330.2,333.3,329.2,343.5,374.2,356.3,376.6,383.6,382.3,358.4,365.4,347.7,349.6,350.3,358.7,362.9,353.7,354.6,338,353.1,352.6,379.3,400.9,406.4,470.8,491.9,471.4,482,463.1,455.2,470.8,459,468.6,437.9,420,433.7,437.4,429.5,433.5,435.9,435.7
daegu,163.9,162.9,158.9,160,155.6,156.6,157,157.8,158.4,159.1,163.4,163.4,158.3,156.3,156.6,155.6,154.1,158.5,159.2,159.1,158.6,159.9,159,160,158.8,158.5,159,158.4,162.2,160.4,159.4,161.5,154.9,155.9,153.2,156.8,153,151.2,153,158.9,157.1,161.8,160.8,163.7,164.1,162.4,160.9,161.3,163.8,160.5,159.6,156.9,159,160.7,159.3,160.6,162.9,164.7,168.3,171.9,178.4,180.3,178.6,183.4,187,189.6,195.8,197.3,201.9,203.9,203.4,209.1,212.6,210,208.4,210.4,212.8,214.5,213.5,216.1,220.2,223.5,226,226.1,229.5,228.3,228.5,234.7,236.8,238.4,240.1,250.1,256.8,257.8,267.1,262.6,269.5,261.7,267.6,264.6,268.2,275,273.8,281.3,283.4,288.9,295.9,297.7,300,301.4,307.5,308.5,312.6,317.3,317.5,314.9,324.6,318.9,310.7,298.6,300.5,305.7,300.1,297.1,289.5,300.1,302.8,311,324.7,319.3,312.9,306.4,300.1,301.3,305.9,302.6,313.5,334.1,352.1,334.2,327.6,321.2,327.8,331.5,339,348.7,335.4,328.2,328.3,325.4,321.5,335.5,351,338.4,317.5,320.4,310.6,300.1,306.2,304.6,310.8,326.5,323.7,329.5,336,335.5,355.2,352.5,347.1,341.1,323.7,322.3,330.1,360.6,371.4,371.1,383.5,394,395.6,355.2,335.4,353.5,353.1,363.8,362.7,352.8,359.6,366.7,368.9,371.1,366.6,353.8,355.4,356.8,348.1,362.6,361.4,361.4,363.9,364.6,358.2,350.2,366.8,379.5,372.3,376.5,371.8,370.8,389,388.4,385.2,383.3,382.7,370.5,362.4,358.2,359.9,341.9,359.1,355.9,389
incheon,171,168.8,168.6,170.7,170.2,172.1,174.3,177.8,177.4,185.5,184.5,182.5,183.3,185.3,185.3,192.6,199.5,205.1,210.9,217,222,231.7,236.8,239.7,240.6,243.8,251,266.8,275.9,283.5,286.2,289,291.8,283.6,298.1,294.1,282.8,276.6,271.3,274.8,275.2,281.5,282.5,285.7,284.7,278.8,276,276,282.5,282.6,272.3,266.7,270.9,264.8,266,265.7,266.7,269.8,273.1,276.8,275.5,275.7,269.5,265.5,266.9,262.6,263.1,266,262.5,263.2,261.2,256.4,261.1,259.3,257,251.4,256.2,250,246.6,245.7,248.3,247.6,250.3,250.2,248.5,250.3,251.4,251.9,253.4,253.1,255.2,257.8,258.6,262.3,264.9,267.1,265.8,265.5,264.8,264.3,265.4,267.2,270.9,271.8,272,274.3,279.6,283.2,282.4,281.4,282.1,282.4,289.5,286.3,295.1,298.2,303.9,311.8,315.5,304.3,303.7,303.8,297.9,305.9,309,313.5,319.6,317,322.1,329.8,333.9,332.7,321.4,319,320.2,323.9,322.8,334.4,337.9,343,343,336.6,336.5,329.5,333.5,335.5,336.1,323.7,329.6,331.4,331.1,342.4,356.9,346.3,338.4,334.4,330.6,322.2,323.8,321.5,324.6,329.5,334.2,340.1,346.8,360.9,377.8,376,388,382.9,346.4,337.5,348.3,366.5,344.7,349.5,353.8,351.3,376.7,411.8,406.2,396,398.9,397.2,410.7,433.5,487.4,514.3,507.8,485.9,492.2,464.9,457.6,466.1,479.6,474.7,481.2,465.1,465.8,469,464.1,458.8,475.3,467.3,470.8,486.9,464.8,470.4,468.5,456.9,466.9,462.3,450.2,439.4,438,451.6,436.8,447.5,444.3,450.5,459.7
gwangju,107.8,106,106.3,106.7,102,103.9,106.7,106.1,108.3,108.7,108.5,110.9,110.1,109.6,107.5,107.7,108.4,109.4,109.5,110.8,111.7,111.8,112.4,112,115.5,115.2,113,113.7,114.8,116.6,117,117.1,117.8,116.7,115.3,115.8,121.1,119.7,117.4,118.8,122.7,122,124.2,121.9,124.6,122.9,123.7,124.5,127.2,126.7,123.8,124.1,121.7,123.7,116.7,126.7,127.2,131.5,133.6,136.5,141.7,146.3,153.1,155.7,161.8,165.4,163,164.8,166.7,166,167.3,167.1,174.4,172.6,168.9,168.9,171.8,173.4,171.5,175.5,182.5,181.9,180.6,179.2,183.4,182.1,180.3,183.6,183,180.3,185.3,187.5,188.5,194.2,196.1,199.3,195.9,200,196.7,196.7,197.9,194.8,202.5,209.1,210.3,208.8,217.9,212.2,214.2,215.7,212,216.7,216.8,220.1,221.8,227.6,237.5,230,235.1,235.8,232.2,240.7,231.6,230.6,229.4,229.9,235.2,240.8,241.7,248.9,244,250.4,247.8,240.2,241.9,245.4,248,248.2,250.8,253.2,259.3,257.6,264.1,271.2,260.5,267.1,258.9,261,259.4,262.4,257.7,268.1,275.9,255.9,254.6,250.4,251.8,245.1,244.2,245.8,247.6,258.6,254.1,265.4,268.6,268.9,273,276,283.5,272.1,268.9,262.8,269.5,287.6,282.5,286.7,294.3,334.8,348.6,303.7,272.6,279.3,271.9,276.4,290,296.9,311.8,323.8,338.9,342,321.3,320.8,301,294.3,317.9,324,316.9,315.9,291.7,300.1,305.9,288.3,295.2,318.2,334.4,353,340.6,341.9,350.5,361.2,361.2,365.2,344.4,319.4,318,314,317.9,320.3,329.4,334.2,327.2
daejeon,176,172.6,159.4,167.9,159.2,149.3,150.8,150.6,157.7,166.6,167.8,162.5,153.1,142.5,144.6,152.9,144.7,156.5,151.6,149.9,151.8,152.3,151.3,159,158.3,152.8,151.4,152,155.5,154.5,152.2,147.6,149.1,144.9,150.7,155.3,158.8,159.7,158.7,170.6,171,172.5,175.4,175.4,175.8,176.3,179,185.5,189.5,184.6,180.9,182.7,181.1,187.8,197.4,197.1,200.1,209.5,220.8,227,229.5,230.1,231.4,227,246.4,240.5,235.4,228.4,230.6,241.3,234.8,235.9,242.1,237.2,234.3,226,229.9,226,219.9,227,233.6,241.3,237.1,237.1,233,235.4,233.6,234.2,241.5,237.9,235,239.9,243.8,251,253.3,255.6,252.2,246,246.9,245.3,243.3,242.8,246.2,246.8,246.8,253.5,248.9,253.3,252.2,252.1,238.3,240.8,245,242.1,249.6,248.7,247,254.5,257.2,262.6,252.1,253.1,247.2,250.4,255.4,259.4,257.1,264.2,267.9,272,273.1,267.9,274.3,261.4,257.1,255.6,259.8,264.4,268.2,274.9,280,276.8,277,292.1,284.8,278.2,279.7,272.3,267.7,276.7,274.4,309,309.5,306.2,298,288.4,282.5,270.9,268.5,286.2,288.2,296,300.2,310.3,306.1,311.5,326.8,323.1,305.5,306.2,296,283.2,321.6,372.7,343.2,369.2,354.8,367.3,412.1,379.9,377.8,375.5,359,375.6,391.2,390.6,411.9,412,419.1,418,388.7,362.2,375.4,375.1,361.7,367.4,367.3,369.9,370.5,342.2,371.2,353.2,386.7,382.7,413.8,423.1,400.3,405.7,400.7,417.9,432.4,409.6,435.4,406.4,400.2,390.3,388.9,400.4,394.2,400.4,420.2
ulsan,119.1,116.2,115,118.7,126,121.8,121.2,133.3,137.2,141.2,149.2,154.7,159.5,150.6,153.2,155.1,145.2,153.8,154.6,150.3,152.3,156.5,151.3,154.8,154.6,160.3,160.1,160.9,161.7,161.7,159,158,152.9,150.1,155.4,164.2,161.5,168.9,157.9,174.5,177.1,171.4,176.6,184.2,175.1,173.7,175.3,174.3,180.2,182.4,182.8,170.1,172.5,170.8,175.6,173.2,185.3,184.1,188.8,196,195.6,190.6,182.4,191.8,198.4,205.1,210,208.7,216.8,215.2,222.9,221.1,229.9,236.3,233.1,234.8,239.2,239.8,241.7,235.4,237,248.8,242.6,251.8,244.3,238.4,242.6,247.5,238,235.4,241.7,246,256.4,252.4,252.7,250,258.1,258.8,262.4,263.8,266.7,268.5,268.5,264.9,268.8,272.5,273.8,276,275.1,278.3,276.6,274.6,278.6,280.7,283.5,279.7,292.4,292.7,298.4,294.5,294.3,292.7,291.1,299.2,290,292.8,296.8,302.8,315,318,315.1,306.5,294.9,305.5,305.3,292.6,293.4,300.1,301.3,314.3,309.9,310.1,300,305.2,294.2,291.1,298.1,286.7,268,291.9,291.9,271,290,290,281.2,272.4,275.1,263.7,271.2,274.2,280,294.3,300.2,302.8,308.4,330,327.2,322.8,325.1,326,318.1,294.7,326.2,367.3,353,322.8,339.6,359.3,353.1,300.6,280.2,265.1,266.6,280.8,306.1,308.4,330.1,340.5,341.7,333.2,323.6,305.2,340.8,341.5,301.5,323.8,334.4,294.2,280.8,296,301.7,303.3,353.5,368.5,383.4,391.9,388.7,380.1,406.7,397.1,394.7,384,396.2,364.7,367.8,370.2,368.8,367.5,383.4,371.8,392
sejong,,,,,,,,,,,,,,,,,,,,,,,,,,,,,,,,,,,,,,,,,,,,,,,,,,,,,,,,,,,,,,,,,,,,,,,,,,,,,179.4,173.7,174.4,173,182.5,189,188.7,175.7,195.8,184.6,199.3,199.2,199.3,185.5,167.2,161.3,204,204.6,198.6,210.9,211.7,204.1,188.6,185.9,209.3,195.8,192.1,209.6,200,209.1,197.2,200.3,210.7,216.3,213,212.2,210.4,200.2,216.8,208.1,211.4,217.1,195.8,199.2,211.1,232.3,221.4,211.9,213.8,311.3,353,342.9,356.7,371.1,374.3,353.2,343.7,339.5,347.1,365.8,384.1,394.8,396.6,371.8,362.5,373.8,364.8,383.4,375.1,416,416.4,409.2,416,395,407.4,386.2,393.3,384.5,410.6,406.8,383,378.5,375.4,387.4,390.1,446.7,436.8,428.4,441.3,470.6,508.6,517.9,443.2,507.3,481.6,445.8,520.3,629.5,700.2,730.9,465,483.7,660.8,534.8,472.4,516.1,568.4,577.3,776.9,742.2,532.7,773.9,758.9,594.4,739.7,750.9,734.2,780.1,699.4,728.8,736.1,677.9,679.8,657.9,633.4,634.8,630.5,626.4,613.5,668.4,650.7,682.3,627.4,688.5,683.4,662.1,689.2,665.4,669.6,663.7,651.1,629.3,647.2,648.9,641.6
gyeonggi,265.9,237.9,244.7,241.7,241.8,227.6,218,218.8,235.9,261.9,243.9,235.6,222,222.1,228.2,233.4,242.5,251.8,252.1,255.3,265.5,270.6,278.4,285,287.1,289,295.6,308.4,313.4,316.5,309.6,306,300.8,290.6,305.1,306.1,331,329,313.2,332.4,316.9,323.7,324.7,331.9,318.8,307,306.2,312.5,320.2,308.4,295.3,290.8,292.6,292,286.7,290.6,294.4,300.2,313.5,320,318.6,311.8,300.5,295.8,299.1,300.4,306,304,301.2,301.9,300.8,300.8,302.5,294.5,290.7,285,290.4,284.2,278,277.3,288.3,294.6,292.9,294.3,294.2,294.5,298.9,303.4,298.8,297,297.4,312.2,318.1,313.3,311.9,323.4,327.5,321.8,312,309.2,313.7,318.2,323.7,329.8,329.4,323.9,328.5,335.8,335,336.2,334.4,333.2,336.7,340.1,345.6,338,348.3,348.7,350.8,336.5,335.6,343.5,341.9,358.4,364.3,375.1,375.9,374.3,383.5,383.7,372.9,364.8,370.6,367,369.5,383.7,403,403,411.8,385.1,395.4,395.1,398.9,417.7,446.6,435.7,410,387,388.4,398.5,411.8,467.4,430.2,390.7,375.1,365,349.4,341.8,342.9,353.3,375.2,406.2,424,410.9,413.9,442.2,460.1,445.7,430.9,418.8,381.1,366.1,400.5,453.5,465.9,441.2,436.5,454.9,495.8,509.6,492,469.5,458.9,470.8,523.6,562,623.9,618,625.4,600.8,580.3,563.2,560.5,549.7,576.8,577.4,563.6,530.4,529.5,506.5,500.1,505,555.1,550,565,591.8,570.9,585.1,601.8,608.5,601.9,593.7,591.8,553.6,533.1,548.2,564.8,559.7,583.9,588.8,608.9
gangwon,100.1,100.1,97,97.2,96.8,93.7,96.6,95.3,95.2,96.7,94.1,91.7,95.6,96.8,94.4,95.1,94.6,95.6,96.7,97.9,98.4,97.7,97.7,96.7,101.7,100.1,102.1,105.4,109.1,111.8,112.9,109.6,105.2,99.5,97.3,91.1,106.9,103.2,105,107.5,108.6,109.8,105.6,114.8,114.9,111.9,109.7,111.3,115.4,112.3,112,109.5,108.2,113.3,110.3,110.5,113.5,116.5,117.9,128,139,125.6,119.4,123.4,128.9,126.1,136.4,141.5,145.2,141.7,142.5,138.9,146.7,148,142.5,142.1,147.5,148.3,141.1,140.4,150.1,149.1,148.4,145.9,145.5,150.1,150.2,150,151.5,148.4,151,153.4,156.6,157,155.9,156.6,158.6,158.8,152.5,153,153.5,156.1,158.4,158.5,158.3,161,158.3,155.2,167.1,163.2,169.4,166.8,169.1,167.1,169,175.4,177.6,178.4,183.8,181.6,188.4,184,189.6,192,186.2,195.7,196.8,194.3,200,198.1,196.1,193.5,203.4,202.1,197.6,197.1,200.1,201.9,201.4,200.1,204.1,197.7,195.6,203,197.7,200.4,197.3,195.3,192.5,190,187.2,188.8,197.9,190.8,184.9,190.4,178.7,178.9,176.8,182.5,176.9,178.5,173.3,177,181.4,187.1,191.7,195.3,193.9,191.7,187.4,184.1,191,210.7,199.1,195.1,193,199.5,202.2,225.1,222.2,212.4,211.9,213.2,222.1,218.8,224.5,230.4,225.6,239.4,235.8,235.4,229.6,238.2,233.5,246,244.4,237.9,222.6,241.7,222.1,222.5,215.1,228.4,241.1,250.7,250.4,258.6,243.9,262.1,260,270.7,270.2,267.8,262.5,255.6,258.6,257.9,250.7,259.1,264.3
chungbuk,115.4,116.8,116.8,109,107.7,119.3,125.6,124.3,120.2,115.8,119.6,115.2,114.7,115.6,111.9,111.5,108.3,115.7,112,110.5,112.6,112.5,111.9,114.3,120.6,117.7,119.6,117.2,116,123.2,122.5,114.2,113.4,107.6,113.8,106.5,120.4,119.3,116.8,115.1,123.5,123,129.4,129.2,126.8,124.8,130.3,125.9,135.5,128.4,125.8,126.1,131.6,133.2,131.5,132.5,134.3,141.2,145,149.2,161.2,150.8,150.6,154.2,163.1,165.6,166.3,170,168.5,171.8,170.3,176.4,183.3,180.1,175,174.4,186.9,182.1,177.6,178.9,188.2,185.9,186.7,185.7,196.1,186.2,191.5,193.7,194.4,186,194.4,192.3,198.8,199.9,199.3,201.4,198.4,200.1,201.4,196.5,201.8,198.9,198.8,204,206.7,213.5,209.5,206.8,205,204.3,208.7,200.1,209.3,204.1,200.3,200.1,204.3,203.6,199.6,183.6,194.8,194.5,199.8,199.1,192,194.6,194.4,201,197,207.1,197.3,204,207.9,194.1,200.4,196.6,196.5,198.9,201.6,200.5,202.6,195,201.3,201.8,203.4,201.7,198.5,189.2,183.8,190.9,184.2,192.5,191.9,193,188.4,181.6,186.6,183,176.5,179.2,176.5,177.8,176.6,185.5,195.1,211,233.4,225.4,208.2,206.2,191.8,200.3,253.1,216.7,188.5,190.7,192,202.7,241.7,240.5,239.2,226.8,211.7,200.1,208.6,205,223.6,241.1,250,235.6,229.7,223.3,229.7,217.2,214.6,223.6,220.3,230.1,218.7,202.4,205,210.3,192.3,225.1,241.3,256.3,253,250.1,270.4,270.6,267.7,266.7,274.5,253.1,252.3,256.8,267.7,259.6,264.7,263.6,264.8
chungnam,135.2,128.9,122.1,123.6,117.7,117.7,125.1,126,123.6,123.6,124.6,119.6,123.5,123.5,122.4,122.2,121.1,124.2,124.3,120.2,125.7,125.3,123.7,122,121.5,123.6,125.1,128,133.8,140.4,141.1,143.3,143.4,132.1,128.8,125.4,141.2,139.4,128.7,147.3,136.7,142.7,143.2,147.3,140.7,140,138.8,143.4,148.3,143.7,141.5,142.8,147.4,144,142.5,142.3,143.3,150.2,158,159,167.3,158.9,160.4,157.9,162.3,164.8,170.6,166.8,173.9,177.8,183.4,176.5,193.9,190.2,189.1,192.3,186,186.7,190.6,189.6,193.2,196,198.6,192.8,200,194.3,194.9,200.2,200.1,196.7,200.7,208.4,210.1,210.1,220.2,209.6,214.2,215.4,212.8,204.5,211.8,216.7,218.4,218.9,216.7,216.6,208.6,208.6,213.1,217.7,214.3,215.9,216.8,211.4,217.3,209.4,208.5,208.1,209.4,202.4,204.7,202.3,197.7,197.6,194.4,200.6,203.6,204.7,204.4,203.4,207.1,204,214.5,204,200,198.9,200.4,202.8,208.2,205.6,212.5,210,209.8,211.8,205.6,209.3,198.1,200.1,197.1,196.3,196.6,195.3,203.6,210.8,217.7,206.3,205.7,202.3,205.9,196.8,206.3,211.8,212.2,220.1,228,230,250.7,247.3,228.8,216.1,208.6,207.1,219.5,253,233.5,221.1,226.1,225.7,247.2,248.3,223.7,222.2,223.6,225.2,224.9,239.3,244.7,249.5,252.7,256.2,235.5,231.8,245.4,224.4,226.3,235.4,212.1,211,211.4,216.7,206.1,214.8,217.1,228.5,243.1,248.4,239.5,251.6,254.4,257.9,256.7,253,259,244.2,241.8,237,242.3,239.3,247.7,239.3,253.2
jeonbuk,86,86.7,81.7,84.4,84.8,86,88.3,88.3,88.4,91.9,92.6,94.8,96.7,94.7,92.4,92.6,90.3,93.7,97.2,93.9,93.4,94.5,97.8,103.6,106,100.2,104.1,103.5,107.7,111.9,112.4,117.8,102.5,106.2,107.5,109.8,114.8,112.6,109.6,112.6,114.8,114.9,117.1,117.7,123.2,122.9,125.6,121.8,128.7,129.7,129.4,128,131.3,135.3,130.7,130.4,135.5,142.5,141.7,141.7,154.4,150.6,147.1,147.1,153.1,150.4,155.7,161.6,157.9,166.7,167.6,158.9,167,165.1,158.6,157.5,161,159,153.5,158.1,163.9,163.6,164.8,151.1,168.3,165.9,162.3,163,163.6,161.7,162.4,162.5,170,171.2,171.4,165,177.1,168.3,164.8,162.5,160.4,162.2,162.9,168.4,163.6,171,172.8,176.3,175.3,171.3,168.9,170.3,170.4,166.9,169.2,167.8,171.9,176.6,176.1,176.5,176.9,176,172,170.1,170.5,181.4,175,183.8,181.7,190.8,187.2,188.3,194.7,191.7,181.8,180.3,182.2,179.9,180.6,184.1,192.5,191.2,190.6,198.1,190.7,190.2,189.9,183.2,179.1,187,174.9,184.8,188.6,186.2,183.6,188.4,183.2,176.8,173.9,176.6,175.5,176.8,181,180.2,181.5,180.2,195.4,211.9,198.7,199,180.9,176.5,184.5,204.1,188.4,180.9,188.3,194.2,203.3,204.1,175.1,175.7,178.3,176.6,194.1,191.7,198.7,205.3,207.2,200.5,200.1,206.1,206,206.3,201.4,211.8,210.2,205,198,198.2,184.2,196.3,199.1,192.2,209.1,223.2,220.1,212,234.7,231.3,233.4,233.4,224.9,215.2,216.6,224.5,217.5,209.2,233.8,226.7,225
jeonnam,70.1,70.2,70.3,70.6,70.6,74.2,74.5,76.4,74.7,75.3,75.4,75.2,81.2,80.1,79.1,78.4,77.2,80,82.2,80.1,82,84.4,83.4,83.4,87.5,89,86.7,86.2,92.3,93.6,90.4,89.6,90.3,89.4,94.7,88.1,93.1,94.2,95.1,97.6,95.2,93.8,96.6,100.2,101.1,102.5,105.9,103.1,108.4,107.6,105.1,104,106.8,109.4,110.5,114.1,111.5,117.8,118.3,125.1,123.7,125,121.7,122.9,119.7,128.9,131.7,133.3,134.2,136.7,133.8,132.2,138.9,135.7,134.9,132,132,135.5,131.6,136.4,141.3,141.6,145.8,130.4,143.5,138.9,138.7,141.7,143.4,140.2,141.4,141.3,143.7,145.8,144.7,140.2,141.7,142.6,141.3,140.4,140.5,141.7,140.6,141.6,143.1,144.2,146.2,143.6,146.6,147.2,143.5,145.1,148,141.8,144.7,142.7,146.9,150.6,146.9,152.7,153.5,149.2,149.6,150.9,151.4,150,155.2,156.2,164.8,167.5,159.3,159.8,158.9,164.9,167.7,167.5,166.7,168.5,175.7,165.7,170.8,176.3,173,172.4,176.7,173.8,173.9,161.7,177.3,175.4,176.4,177.9,186,179.7,183.5,180,187.4,183.9,175,182.4,185.4,182.1,178.9,183.4,180.5,187.5,187,189.2,197.7,193.3,190,188.7,194.2,203.7,196.8,199.7,194.3,188.4,200.3,200.7,193.2,191.7,188,188.4,203,207.2,209.8,210.7,222.6,223.6,208.7,201.2,200.3,194.3,213.8,199.4,201.4,194.7,198,196.9,185.3,176.9,183.8,182.1,207.6,206,205,203.2,209.5,235.1,217.9,208.6,196.5,200.2,200.2,206.7,210.1,198.1,210.3,212.9,212.1
gyeongbuk,92.4,94.2,92.9,93,93.1,94.7,96.2,100,98.1,99.9,102.2,103.5,100.3,102.3,100.8,101.9,98.6,103.1,104.4,101.9,109.5,102.8,101.9,105.9,106.9,108,109,107.8,104.7,108.5,107,109.1,103.7,102,102.1,99.8,106.7,107.8,108.3,109.1,114.8,112,111.6,115.9,117.9,116.9,117.7,120,117.7,114.3,113.5,111.8,110.4,111,112.7,114.4,113.3,116.8,118.9,123,125,123.3,122.1,120.1,120.9,127.1,130.1,126.5,132.2,134.3,138.6,138.8,139.2,139.4,136,136.1,135.2,140,140.2,144.2,151.3,150.1,149.5,151.8,154.2,153.8,154,158.1,164,158.7,160.7,165.1,168.6,172,173,172.4,166.7,170.7,168.6,175.9,175.1,175.7,175.6,182.2,183.4,180.1,184,190.1,188.7,192.8,192,190.5,186.2,189.2,190.6,191,188.6,186.4,183.9,177.1,173.2,173.5,173.4,171.6,169.4,168.4,178.9,177.2,180.2,187.5,185.9,179.4,184.8,180.6,179.4,173.4,173.5,176.5,186.2,189.6,184.1,181.5,182.1,182.5,175.1,177.7,176.7,164.9,166.8,172.5,165.9,171.5,176.7,164.2,164.2,170.1,155.5,148.1,164.7,152.4,161.8,166.4,175.4,173.6,180.7,185.3,193.9,192.5,194.2,195,165.5,171.4,200.3,217,194.8,182.4,192.7,198.4,250.4,220.5,198.2,197.7,189.3,186,198,205.8,215,225.6,216.6,201.2,194.2,205,203.8,191.9,192.3,200,200.8,200,197.6,192.4,194.7,188.6,183.7,196.7,214.7,230.4,218.3,231.6,224.5,236.5,233.9,229.3,232.2,216.2,226.4,218.8,228.2,224.7,220.1,219,223.4
gyeongnam,122.1,112.3,116.8,111.3,110.7,110.2,111.5,110.7,120.5,120,133.3,128.8,122.2,119.3,118.5,117,117.1,124,131.4,127.2,131.3,127.5,128.7,133,133.5,131.5,131.2,132.8,134.2,137.1,141.2,138.9,141.3,138.5,134.7,136.7,149.2,147.2,143.1,148.8,152.6,150.3,153.4,157.5,157,152.8,157.5,159.1,167.2,162,162,162.4,166.7,173.5,170.8,173.6,184.1,191.8,200,204.4,213.7,211,216.7,217.4,209.3,212.4,216.9,225.5,221.4,223.6,218.5,213.1,225.1,220.2,223.6,218.9,216.3,205.4,201.8,210.8,215.2,218.4,215.1,215.4,220.5,219.9,224.1,227.1,224.8,222.9,222.5,232.1,234.8,235.3,235.1,235.8,235.4,238.9,236.3,236.1,236.6,241,247.3,244.6,247.2,243.5,246.7,240.2,242.9,243.7,240.2,243.8,245.1,247.8,247.2,242.9,246.2,250.6,246.3,236.2,233.1,237.6,233.8,235.9,232.9,235.3,241.4,247.2,250.7,256.5,252.6,248.2,247.1,241.7,241.3,236.1,240.5,240.7,240.1,244.8,241.2,242.9,240.1,236.8,233.4,233.6,230.2,224.9,228.4,219.7,216.7,220.8,231.1,233.5,221.3,222.2,222.5,223.5,222.2,214.3,222,222.3,233.7,235.4,226.7,254.5,266,243.4,246.4,240.8,231.5,223.5,239.5,297,273.1,242.1,261.7,278.2,294.1,247.2,237.1,230,240.2,244.2,267.5,264.9,271.4,292.2,296.8,276.2,271,266.7,268.8,262.6,264.9,268.1,260.1,252.5,243.8,241.8,245.1,254.9,248.5,258.8,293.2,291.7,283.4,288.6,289.5,302.3,300.1,307,295.4,280.1,263.9,278.6,282,272.1,275.5,276.2,281.7
jeju,108.5,101.1,101.9,100.5,96.4,115,109.3,115.2,114.5,118.5,120.5,116.7,110.6,111.5,108.7,111.5,123.2,109,112.7,113.9,122.1,122.2,121.8,116,111.3,117.8,118.4,120.3,111.5,128.7,120.4,109.1,120.6,113.8,119.6,119.7,116.8,118,131.4,122,138.3,124.6,137,137.7,130,136.3,146.8,135,144.2,141.3,144.9,144.1,138.9,142,147.7,149.7,146.8,151.2,163.8,158.7,161.2,146.3,167.1,179.9,171,176.7,170.4,190,187.1,183.6,184.2,179.6,185.3,177.9,191.8,179.3,189.8,191.8,185.5,189.9,187.7,191.9,195.2,174.4,180.2,182.4,176.9,183.3,213,193.6,190.9,186.8,191.9,203.9,200,196.6,200.8,194.2,200.1,197.7,208.5,214.7,208.8,213.7,210.6,224.4,218,220.5,232.8,230.5,226.3,244.9,263.1,254.5,263.6,287.8,276.4,331.6,304.7,317.2,329.5,315.6,337.8,333.8,328.5,334.9,352,367.3,357.9,359.4,353.7,369,366.4,357.4,362.1,360.3,357.5,370.4,366,342.9,351.4,354.2,350.3,359.1,341.2,361.4,360.9,333.3,350.1,349.7,361.1,368.1,378.1,345.8,353.6,343.8,334.5,342.4,319.4,347,333.6,353,364.2,342.1,345.7,339.4,362.5,343.4,353.5,344.6,329.5,327.6,336,357.1,383.2,347.8,350.5,377.8,375.4,365,343.5,362.8,358.5,370.7,388.7,365.5,377.3,420.4,399.7,387.6,362,352.5,380.4,361.9,417.1,407.6,384.6,410.2,342.9,383.5,391.7,354.3,383.2,360.9,399.9,421.1,394.2,416.2,421.1,428.4,424.1,424.8,406,406.2,403.6,427,401.1,433.8,405.5,434.2,425.4